Page ID,Page name,Disclaimer,Amount spent (MYR)
104398771409285,Perikatan Nasional,Perikatan-Nasional,30823
350525301281,Ismail Sabri Yaakob,Ismail Sabri Yaakob,22823
318368621577316,Fadhli Shaari,Fadhli Shaari,19662
221159141657466,Newswav,Newswav - Malaysia Latest News,9266
163611310997367,Kubang Kerian Sejahtera,Kubang Kerian Sejahtera,7887
106507455187996,Mohamad Kamal Mohamed,Mohamad Kamal Mohamed,7180
479387615411779,Pemuda PAS Malaysia,Dewan Pemuda PAS Malaysia - DPPM,4865
446352142470360,Ustaz Marzuk Shaary,Ahmad Marzuk Bin Shaary,4493
260612367434680,Lidah Hitam,Mohd Rais Bin Omar,4419
220590201291065,Parti Islam Se-Malaysia (PAS) Pusat,Parti Islam Se-Malaysia (PAS),4395
112089495031484,Mejar Jeneral Datuk Khlir Mohd Nor,Zamzam Zainuddin,4177
100611362742567,MEDIA POINT,MEDIA POINT,4125
111966760286677,Nurul Amal Mohd Fauzi,Nurul Amal Mohd Fauzi,4033
146911248727335,Abdul Hadi Awang,Abdul Hadi Awang,3846
134350940016055,Ustaz Dr Nik Zawawi Bin Salleh,Ustaz Dr Nik Zawawi Bin Salleh,3614
102347691691485,Malaysian Viral Page,Malaysian Viral Page,3502
2009793029271034,Syahir Sulaiman,Syahir Sulaiman,3306
197799207237326,Pakatan Harapan,Harapan,3251
150274412333441,Ana Tahu,Ana Tahu,2716
165445646863414,My Networks,These ads ran without a disclaimer,2554
271122743033133,Mumtaz Md Nawi Official,Mumtaz Md Nawi Official,2400
110103494236868,BN COMMS,BN Comms,2395
1629302040667117,Koleksi Viral,Koleksi Viral,2266
554422814647249,Husam Musa,Harapan,2188
112183975526837,Muhyiddin Yassin,Mohd Ikhmal Abu Bakar,1977
471405192994807,Dr Hafidzah Mustakim,Dr Hafidzah Mustakim,1934
333762569997423,Dato' Sri Tuan Ibrahim bin Tuan Man,Dato' Sri Tuan Ibrahim bin Tuan Man,1811
195105060510135,Kementerian Dalam Negeri (KDN),Aiman Hakim Bin Mohd Yusof,1783
1466006540330480,Shahril Hamdan,Shahril Hamdan,1673
87363369882,Sinar Harian,Sinar Harian,1594
131870563493026,OHBULAN!,OHBULAN!,1478
214066990599,Berita Harian Online,Berita Harian Online,1335
104583751158392,Pustaka Permata Ummah,Pustaka Permata Ummah,1321
881712758830165,BERJASA Malaysia,BERJASA Malaysia,1313
471405192994807,Dr Hafidzah Mustakim,AMANAH,1306
1011160672261971,Parti Amanah Negara,AMANAH,1273
1831844263787221,Ustaz Zukirnain Abdul Kadir P034 Setiu,Mohd Faris Ameir Bin Ibrahim,1191
347433769191949,Nasrul Ali Hasan Abdul Latif,Nasrul Ali Hasan Abdul Latif,1187
101948845952442,Amyleakainsedap,Evan Mcclarance Gundi Anak Kelvin Renggan,1080
208547779739124,Dr Shah -P023 Rantau Panjang,AMANAH,1054
225685927482720,Pemuda PAS Selangor,DEWAN PEMUDA PAS NEGERI SELANGOR,977
211591442051,Harian Metro,Rev Media Group,971
479387615411779,Pemuda PAS Malaysia,Dewan Pemuda PAS Malaysia,962
200627917067197,Nengok TV,Melaka Plus,952
110562555184651,Dr Wan Ahmad Kamil,Wan Ahmad Kamil Bin Wan Abdullah,950
511188415592658,Dr. Fathul Bari,Dr. Fathul Bari,817
106566658931457,Marzuani Ardila,Wan Mohd Zairul Nizam Bin Mohd Zaib,804
413417772151030,NH ONLINE,Nor Hamzie Bin Md Hambali,798
1461030033961295,Persepsi Rakyat,Persepsi Rakyat,792
100953840043211,Mohamad Sabu,AMANAH,779
112918013453569,PAS Terengganu,PAS TERENGGANU,747
135729286825875,Hamzah Zainudin,Hamzah Zainudin Orang Kita,720
1130669147012110,Syed Saddiq Syed Abdul Rahman,Syed Saddiq Syed Abdul Rahman,715
377863958981851,Mahdzir Khalid,Mahdzir Khalid,713
112510087040722,Takiyuddin Haji Hassan,Andreputra Bin Bambang,709
220590201291065,Parti Islam Se-Malaysia (PAS) Pusat,Parti Islam Se-Malaysia (PAS) Pusat,707
112040937302708,Parti MUDA Malaysia,Mohamad Momen Bin Abdul Aziz,603
27588322041,BFM Radio - The Business Station,BFM Radio - The Business Station,592
103406462160763,Nat Market,VIDARA SDN BHD,572
11726505964,Astro AWANI,Astro AWANI,572
616890721992738,Nik Faizah Nik Othman,Nik Faizah Nik Othman,562
144912392365553,Dato' Ahmad Yakob,Dato' Ahmad Yakob,554
237380633036751,火箭报,DAP Malaysia,516
101387829455160,GO2V,GO2V,496
1071860782942949,JohorPress,Sayefullah Bin Jasman,496
1395571097151964,Rakyat Sarawak Kini,Rakyat Sarawak Kini,482
401788663279891,Yayasan Sofa Negeri Sembilan,Yayasan Sofa,443
176159849754763,MCA,MCA,427
37447942417,Nurul Izzah Anwar,Parti Keadilan Rakyat,427
199039390167044,Ameerah Malaysia,Ameerah Malaysia,425
102662592664570,KJ John P105 Petaling Jaya,K.J John A/L John Kuruvilla,424
138361272876308,马华公会,马华公会,372
405808982860548,Pusat Khidmat Ahli Parlimen Kota Bharu,Pusat Khidmat Ahli Parlimen Kota Bharu,370
269301935826,ROTIKAYA,ROTIKAYA,363
100682875880155,Doctor's Voice,These ads ran without a disclaimer,363
103627275288286,Lumi News Malaysia,Lumi Global Sdn Bhd,341
109246994982100,I Am DSSA,I Am DSSA,340
122913508099,Parti Gerakan Rakyat Malaysia,PGRM,339
1560866277543941,Dr Radzi Jidin,Era Baharu Putrajaya,334
100173982517485,MyUndi,MyUndi,315
107047938456392,Jam2u.com,VIDARA SDN BHD,311
474963719253432,Yayasan Ikhlas,Yayasan Ikhlas,306
113169080150399,Pendapat Malaysia,These ads ran without a disclaimer,300
31373189944,Malaysiakini BM,FG Media Sdn Bhd,288
164492150267814,Dewan Muslimat PAS Melaka,Dewan Muslimat PAS Melaka,283
179950305417081,Dewan Muslimat PAS Malaysia - DMPM,Widanita Shahnaz Bt Mohd Mokhsin,282
92562929270,Hot FM,Hot FM,276
106894858726624,Save the Children International,These ads ran without a disclaimer,269
107942835454136,P033 Besut Ustaz Abdul Aziz Haji Abas,AMANAH,266
950049135072659,Sahabat Dato Husam Musa,AMANAH,255
107023271786947,Molek FM,Molek FM,236
120324739939875,Jom Sihat,These ads ran without a disclaimer,230
102136629894327,Greenpeace Malaysia,Greenpeace Malaysia Sdn Bhd,223
145165568851292,Rafizi Ramli,Ayuh Malaysia,222
106433078866990,Jus Ceda Solusi Buasir,Amin Farhan Bin Azami,221
102416408995926,Tahfiz Kebajikan Ar Razali,Tahfiz Kebajikan Ar Razali,219
135643903798815,Onn Hafiz Ghazi,Onn Hafiz Bin Ghazi,217
643562522335339,KyoChon Malaysia,These ads ran without a disclaimer,215
669791046367615,Malaysia Gazette,Malaysia Gazette,206
112512589548367,Bersih dan Stabil : BEST,Bersih dan Stabil : BEST,204
428782500998481,Cally Ting Zhao Song,Cally Ting Zhao Song,200
845030752174530,Ameerah Melaka,Ameerah Melaka,199
104688308002388,陈昭宋 Cally Ting,陈昭宋 Cally Ting,197
217391881631388,SAYS,SAYS,196
135091239861609,Nur Jazlan Mohamed,Nur Jazlan Mohamed,191
638401542848443,Shamsul Anuar Nasarah,Barisan Nasional,186
47298465905,Malaysiakini,FG Media Sdn Bhd,178
173145969372908,Kumpulan Jihad Ekonomi,Kumpulan Jihad Ekonomi,176
221096761346,Utusan Online,Media Mulia Sdn Bhd,175
202159623191198,Kosmo Online,Kosmo Online,174
204588107159019,Projek Imarah Masjid,These ads ran without a disclaimer,174
104231918021693,Malaysiapost,Malaysiapost,170
103741035747970,Masjid Kariah Bandar Perdana II,These ads ran without a disclaimer,170
1726648214218427,Ustaz Muhammad Fawwaz Mohamad Jan,USTAZ MUHAMMAD FAWWAZ MOHAMAD JAN,169
154574060056739,Warta Rakyat,Warta Rakyat,161
102621122630588,Nor Azmiza Mamat,Parti Keadilan Rakyat,159
1684261028524641,Pusat Pengajian Ibnu Razak,Pusat Pengajian Ibnu Razak,156
1419575668348742,Gerakan Muafakat,Mohd Rais Bin Omar,155
109918387978015,沒有中間商賺差價,These ads ran without a disclaimer,155
115531496522198,Ustaz Zamani Ibrahim,Ustaz Zamani Ibrahim,147
100971795192481,NextStep Malaysia,Nextstep Malaysia,146
135289458465,NST Online,NST Online,134
110633418047043,DARE,DARE,134
169284053121990,Pemuda PAS Bangi,Pemuda PAS Bangi,130
107498638733429,Pemuda PAS Johor,Pemuda PAS Johor,129
560429700762980,PAS SHAH ALAM,PAS SHAH ALAM,121
155707591143880,Prof. Dr Zainur Rashid Zainuddin,Yayasan Ikhlas,120
1552968798293147,Suara.TV,Suara.TV,119
2212692808965426,蓝天 Lan Tian,蓝天 Lan Tian,113
172896853380686,Adamelgabry,These ads ran without a disclaimer,111
157791694829873,Manndzri,Manndzri,107
196573983368,Harakahdaily,JABATAN PENERANGAN,106
1955662711111123,Apa Kata Orang,Apa Kata Orang,104
103883872539224,Ridhwan Rasman P156 Kota Tinggi,Umar Bin Abdul Aziz,103
330750857632133,Che'GuBard Original,Ahmad Anwar Asyraf Bin Ismail,102
104915965762423,Tabung Kompleks Pembangunan IREC,Muhammad Fakhrur Razi Al Hafiy,≤100
115195725281815,Noh Omar,Noh Omar,≤100
102563918896038,Perikatan Nasional for Malaysia,Widanita Shahnaz Bt Mohd Mokhsin,≤100
217285405008524,Wong Chen,Wong Chen,≤100
104799122395213,Berita Pengeluaran Duit Ajaib Halal,These ads ran without a disclaimer,≤100
109530075225317,Rezeki Infaq,Nurhaniz Binti Mohamad Shah,≤100
654227084641097,Datuk Dr. Zulkifli Mohamad al-Bakri,Datuk Dr. Zulkifli Mohamad al-Bakri,≤100
1173992416022994,Wardah Media,Wardah Media,≤100
212554495440954,Dato Sri Izudin Ishak,Izudin Bin Ishak,≤100
528262633921715,Pemuda PAS Shah Alam,Pemuda PAS Shah Alam,≤100
108722695160066,Haji Mohamed Diah,Atiqah Husna,≤100
1481225741958270,YB Arafat - Pusat Khidmat Rakyat ADUN Hulu Kinta,Parti Keadilan Rakyat,≤100
135856610910,Liew Chin Tong,DAP Malaysia,≤100
87433504191,Democratic Action Party,Democratic Action Party,≤100
1298058263542976,Setia Pak Mail,Setia Pak Mail,≤100
103627275288286,Lumi News Malaysia,These ads ran without a disclaimer,≤100
104637804225920,NTS Printing,NTS Printing,≤100
169284053121990,Pemuda PAS Bangi,These ads ran without a disclaimer,≤100
262044791166,TV3 Malaysia,TV3 Malaysia,≤100
1534279376863760,BK Tan 陈浩坤,These ads ran without a disclaimer,≤100
1792548424157249,Media Sungai Buloh P107,Media Sungai Buloh P107,≤100
38348181435,Khalid Samad,AMANAH,≤100
112271548150918,Al Fahana,These ads ran without a disclaimer,≤100
214066990599,Berita Harian Online,These ads ran without a disclaimer,≤100
153786688607396,Ustaz Nurul Amin Hamid,Mohd Huzaifah,≤100
223180581163143,Jagdeep Singh Deo 'Serving the People',Usha A/p Balakrishnan,≤100
109397945250592,Rumah Selangorku Cyberjaya,These ads ran without a disclaimer,≤100
565488766825046,Hasbie Muda,AMANAH,≤100
111064911526774,Advanced Centre for Addiction Treatment Advocacy - ACATA,Advanced Centre for Addiction Treatment Advocacy - ACATA,≤100
287683225711,UN Environment Programme,UN Environment Programme,≤100
109792845262508,Zanariyah Abdul Hamid,Widanita Shahnaz Bt Mohd Mokhsin,≤100
131870563493026,OHBULAN!,Rev Media Group,≤100
430665967118189,Profesional Istiqamah,Profesional Istiqamah,≤100
371737160366,Sarawak Update,Abdul Hakim Bin Bujang,≤100
106853461821165,Anuar Daud,Rafi'uddin Bin Kamaruddin,≤100
239569229428097,IKEA,These ads ran without a disclaimer,≤100
194176867658730,Chua Jian Boon 蔡建文,Jian Boon Chua,≤100
16194831839,Anwar Ibrahim,Anwar Ibrahim,≤100
121255219270912,أفضل ألعاب الحرب العربية لعام 2022,These ads ran without a disclaimer,≤100
394980734370655,KorokSado,These ads ran without a disclaimer,≤100
113456700986972,Malaysia Momentum,Malaysia Harmoni,≤100
100251029574040,Hj Lihin P141Sekijang,Norsyahril Bin Kamarudin,≤100
1860176704045973,PAS Kawasan Kuala Kedah,Muhammad Asyraf Bin Anor,≤100
663424353704332,sinarplus,SinarPlus,≤100
166738750044444,Sunway Group,Christine Lim May Chuen,≤100
2164630037156785,Adly Zahari,AMANAH,≤100
369244243546,Kementerian Kewangan Malaysia,These ads ran without a disclaimer,≤100
928874154117959,Azli Yusof,AMANAH,≤100
165772956766692,Idris Ahmad,Idris Ahmad,≤100
116228488411898,CIDB Malaysia,Construction Industrial Development Board (CIDB) Malaysia,≤100
111620640684771,Dato' Indera Hj Mustaffar Kamal b Ab Hamid,Dato' Indera Hj Mustaffar Kamal b Ab Hamid,≤100
446376772194584,宾果日报 Bingo Daily,Bingo Daily,≤100
1842657632659388,Baljit Singh,Baljit Singh,≤100
811566692326278,Ab Hamid,Salman Bin Mohd Zaki,≤100
103211355844396,Nazari Mokhtar,Nazari Mokhtar,≤100
139480122842692,OLDTOWN White Coffee Malaysia,These ads ran without a disclaimer,≤100
226641550769331,Dilmah Conservation,These ads ran without a disclaimer,≤100
384090614928,Khoo Poay Tiong (邱培栋),DAP Malaysia,≤100
179976812184601,Ewon Ebin,Oscar Donavan E Ebin,≤100
287683225711,UN Environment Programme,UN Environment Programme with Facebook Ad Credits,≤100
166412166242,Saifuddin Abdullah,Saifuddin Abdullah,≤100
658336284498542,Dato' Mohd Rosli Ramli,Dato' Mohd Rosli Ramli,≤100
727311000732682,Parti Amanah Negara Parlimen Larut,AMANAH,≤100
108761254026335,Wanita Hamil,Evan Mcclarance Gundi Anak Kelvin Renggan,≤100
105849378942211,Liputan Malaysia MY,Liputan Malaysia,≤100
274030749389323,Pusat Khidmat ADUN Selama,Pusat Khidmat ADUN Selama,≤100
1011160672261971,Parti Amanah Negara,OREN TV,≤100
232346716925403,Majalah Forex Malaysia,MAJALAH FOREX MALAYSIA,≤100
521663081579688,Bahiki Ismail,Bahiki Ismail,≤100
678811362163260,Ir. Ts. Khairil Nizam,Pejabat Penerangan,≤100
1729275047356363,Ahmad Dullah,Aliffakhrullah Bin Roslee,≤100
144912392365553,Dato' Ahmad Yakob,Nik Mohamad Azreen Bin Nik Yahya,≤100
105095057904484,William Leong 梁自坚,Swee Sheun Lee,≤100
108722695160066,Haji Mohamed Diah,Haji Mohamed Diah,≤100
1875700096018288,Tan Chee Hiong,Tan Chee Hiong,≤100
330601991112027,Ulya Husamudin,Ulya Husamudin,≤100
100682875880155,Doctor's Voice,Doctor's Voice,≤100
100419352856507,BN COMMS Kulim / Bandar Baharu,Nuraini Yusoff,≤100
111129770301065,Siri Bestnya,Siri Bestnya,≤100
254995132100881,Lumut Di Parit,Lumut Di Parit,≤100
112336401483901,EXCommerce-Live,These ads ran without a disclaimer,≤100
100856848499442,Dr. Abd Latiff Ahmad,Mohd Ikhmal Abu Bakar,≤100
103581227696477,KAS Kenyalang,KAS KENYALANG,≤100
2482822431743416,Info PRU P004 Langkawi,Muhamad Aiman Bin Mohd Nahzeri,≤100
143451526401157,Abdul Rahim Tahir For P.063 Tambun,Abdul Rahim Bin Tahir,≤100
109978830534400,Dr Dominic Lau Hoe Chai,PGRM,≤100
161784060579927,PAS Sabah,Aliffakhrullah Bin Roslee,≤100
103316855934209,PUTRA JELI,Muhamad Nur Firdaus,≤100
1601785636742847,Muhammad Faiz Fadzil,AMANAH,≤100
560429700762980,PAS SHAH ALAM,These ads ran without a disclaimer,≤100
103164978195601,Fadzli Kamal,Fadzli Bin Mohamad Kamal,≤100
101863121947455,Dazma Shah,Dazma Shah,≤100
114561353720759,Amir Sabri,Amir Sabri,≤100
206671872710060,Rakyat Insight,Rakyat Insight,≤100
225392457942420,Shahir Adnan,Mohd Shahir Bin Adnan,≤100
297830887404221,Manong Sejahtera,Manong Sejahtera,≤100
134350940016055,Ustaz Dr Nik Zawawi Bin Salleh,These ads ran without a disclaimer,≤100
425695967637606,Sany Hamzan,AMANAH,≤100
101153759091764,Monkey Stories Malaysia,These ads ran without a disclaimer,≤100
112512589548367,Bersih dan Stabil : BEST,Muhamad Fazli Bin Abd Halim,≤100
470493726765993,Ustaz Meor M. Azim,Ustaz Meor M. Azim,≤100
112512589548367,Bersih dan Stabil : BEST,Malaysia Sejahtera,≤100
517210464961612,刘华才博士,PGRM,≤100
102442246017431,Mersing Kite,Qayyum Zakri,≤100
639585376056020,Aiman Athirah Sabu,AMANAH,≤100
110516644850618,Tuan Guru Zulkifli Ismail,These ads ran without a disclaimer,≤100
593529354077239,Akmal Nasir,Akmal Nasir,≤100
269683628139,Dewan Pemuda PAS Negeri Kelantan,Dewan Pemuda PAS Negeri Kelantan,≤100
1173992416022994,Wardah Media,Muhamad Fazli Bin Abd Halim,≤100
759075027496624,Syerleena Abdul Rashid,Syerleena Abdul Rashid,≤100
104836924402646,Ustaz Muhammad Husain - UMH,These ads ran without a disclaimer,≤100
1423737014545999,I'm Malaysian 我是马来西亚人,I'm Malaysian 我是马来西亚人,≤100
102488519333212,Ivone Low Yi Wen,Ivone Low Yi Wen,≤100
429038187157498,Nicole Tan Lee Koon（陳麗群）,Nicole Tan Lee Koon,≤100
345717225799009,Kelvin Yii Lee Wuen 俞利文,Kelvin Yii Lee Wuen,≤100
166067163728164,Dr Sim Kui Hian,N14 Dr Sim Kui Hian,≤100
2185153884869227,Dewan Pemuda PAS Negeri Kedah - DPPNK,Adnan Bin Yusof,≤100
107211378784840,牛熊投资 - 得牛熊得天下,These ads ran without a disclaimer,≤100
527705097706351,BebasNews,Rare Media Sdn. Bhd.,≤100
108611071319427,hackathonpolitik,Persatuan Pendidikan Diversiti,≤100
616858552009228,Zabri Mokhtar,Zabri Bin Mokhtar,≤100
219745198133003,Ustaz Haji Shahril Azman Bin Abd Halim Al Hafiz,Rafi'uddin Bin Kamaruddin,≤100
501503336612276,Ismail Sabri PM ke 9 dan ke 10,Aljojil Bin Hamsah,≤100
374063479646229,Perikatan Nasional Lumut,Perikatan Nasional Lumut,≤100
101779739413941,Hj. Shamsul Ma'arif Ismail,AMANAH,≤100
106087238701219,"Daftar / Renew Kad Hijau, Lesen CIDB G1-G7",These ads ran without a disclaimer,≤100
109341278575338,BN COMMS BAGAN DATUK,Barisan Nasional,≤100
101117086145333,The Rakyats Voice,These ads ran without a disclaimer,≤100
109629544854240,Harun Mohamed,AMANAH,≤100
490728928001480,ORANGKATA,ORANGKATA,≤100
130114577096206,刘镇东,DAP Malaysia,≤100
236402373940290,Syahredzan Johan,Syahredzan Johan,≤100
595201010634767,Ustaz Yohanis Ahmad,Ustaz Yohanis Ahmad,≤100
1723464574592781,Evolusi Hijab,These ads ran without a disclaimer,≤100
105801292167668,Pembiayaan Peribadi Affin Bank,These ads ran without a disclaimer,≤100
100256272901671,Johan Ropi,Johan Ropi,≤100
110694081848478,Hj. Ahmad Luqman Ahmad Yahaya,Ahmad Luqman,≤100
149195003923132,Temerloh TV,Muhamad Khalid Bin Tan,≤100
239023542869472,Salahuddin Ayub,AMANAH,≤100
528696770627084,HurunEin Malaysia,These ads ran without a disclaimer,≤100
620012405150360,One2FunCraft Studio 温度工作室,One2FunCraft Studio 温度工作室,≤100
929403260489334,Nadi Mahasiswa Malaysia,Nadi Mahasiswa Malaysia,≤100
157894104408949,Zahida Zarik Khan,Nazrul Iqkhwan Bin Najib,≤100
110616053654362,Mohamad Ali Mohamad,Mohamad Ali Bin Mohamad,≤100
102687825969084,Mohamad Yahaya,AMANAH,≤100
230445633883,Jabatan Penerangan Malaysia,Jabatan Penerangan Malaysia,≤100
103211355844396,Nazari Mokhtar,Yuhanita Binti Yunan,≤100
101073996158236,P.033 Besut- ABE ZUL,Megat Ahmad Fadhil Bin Megat Basri,≤100
269679937239626,Ustaz Mujibur Rahman bin Ishak,Sufiah Binti Muhammad Umran,≤100
105106755732039,Norwani Ahmat,AMANAH,≤100
1692040137540677,TawauKini,Kromium Digital,≤100
130325170489809,Dr Mohd Hatta Ramli,AMANAH,≤100
101737126007726,OUSDY,These ads ran without a disclaimer,≤100
107564031000716,Nor Azmi Mat Ludin,Nor Azmi Mat Ludin,≤100
195525274565665,Chiong Yoke Kong 张玉刚,Chiong Yoke Kong 张玉刚,≤100
105849531564453,有间书馆,These ads ran without a disclaimer,≤100
105510714351768,Razak Ridzuan Untuk Tasek Gelugor,AMANAH,≤100
1406892032861957,Dewan Perniagaan Melayu Malaysia,Dewan Perniagaan Melayu Malaysia,≤100
233930556693365,Khalifah Media Networks,Mohd Huzaifah Bin Muntalip,≤100
457750270999884,Mahfuz Omar,Mahfuz Omar,≤100
366904924528674,Kamarudin Jaffar,Nik Abdul Qayyum Bin Mohd Muhiden,≤100
2295922790423517,Shahrul Nasrun,Shahrul Nasrun,≤100
109369361740547,照福老人残障护理之家 Pertubuhan Kebajikan Warga Emas Zao Fu,照福老人残障护理之家 Pertubuhan Kebajikan Warga Emas Zao Fu,≤100
426888627377083,Notebook Custom Syifa,Notebook Custom Syifa,≤100
174298466127,Utusan TV,Utusan Binders Sdn. Bhd,≤100
106671865040410,Keris Mengilau,These ads ran without a disclaimer,≤100
276342006041537,Dr. Ahmad Termizi Ramli,AMANAH,≤100
1530618923841673,The Malaysia Online,The Malaysia Online,≤100
202914883373859,Manivanan Gowin,G.Manivannan A/L Gowindasamy,≤100
1440798055978585,Warisan Anak Malaysia,Parti Warisan Sabah,≤100
466564170033048,Pergerakan Pemuda UMNO Bahagian Sekijang,Mohd Hidayat Bin Mohd Nor,≤100
107411765325076,Addicto HQ,These ads ran without a disclaimer,≤100
436206506473256,Mom's House Babyshop Shah Alam HQ,These ads ran without a disclaimer,≤100
282831539130120,Andre Lai 黎正興,Lai Chen Heng,≤100
102780751193893,Threebs.co,Threebs.co,≤100
515881535150989,Dr Dzulkefly Ahmad,AMANAH,≤100
102098359364995,Wan Badariah Official,Aliffakhrullah Bin Roslee,≤100
407262292721295,Barisan Nasional,Muhammad Faqiruddin Firdaus Bin Mohd Said,≤100
355049075348500,Oka空气净化机,These ads ran without a disclaimer,≤100
409798562536881,Ini Sabah Bah,Ini Sabah Bah,≤100
140910022595888,JHEV ATM,JHEV ATM,≤100
101979744919828,S. Jayagopi Calon BN N.30 Buntong,S. Jayagopi Calon BN N.30 Buntong,≤100
102208912218252,Ku Iskandar bin Ku Saad,Ku Iskandar Bin Ku Saad,≤100
100887355844244,Zulfadli Zakariah,Zulfadli Zakariah,≤100
420621651310007,Dr Mujahid Yusof Rawa,AMANAH,≤100
683300121730939,Cikgu Huda,AMANAH,≤100
713221472043013,Fahmi Bazlan,Fahmi Bazlan,≤100
110830488505576,Perikatan Nasional Klang,Muhammad Dzahiruddin Nasir,≤100
106620067784333,Fadhlina Sidek,Parti Keadilan Rakyat,≤100
185771248113677,Etihad Airways,These ads ran without a disclaimer,≤100
101416618626674,Sabah Media,Aramaitii media sdn bhd,≤100
225640738118687,Pakat Sokong Dato' Supardi,These ads ran without a disclaimer,≤100
221434224590749,TV PAS,TV PAS,≤100
105057232411843,Dr. Zaliha Mustafa,Ubaidillah Harith Shahrin,≤100
103122425063527,Mohd Tarmizi Yahaya,Nazim Bin Maarop,≤100
623786861080075,Mohd Sharkar Shamsudin,Muhamad Khalid Bin Tan,≤100
477406562334039,Dr Daroyah Alwi,Mohd Zul Aqmar Bin Saman,≤100
101838346071714,Wang Gaib Terpercaya,These ads ran without a disclaimer,≤100
101986295751246,Muhamad Khaider Kamil,Muhamad Khaider Kamil,≤100
100569215711534,Sinar Daily,Sinar Daily,≤100
103982948565334,Kluster Kayangan,Mohd Rais Bin Omar,≤100
100880168369396,Alternatif.press,Alternatif Press,≤100
101347726084425,"Maahad Tahfiz Darul Ulum Al-Furqani,Kelantan",These ads ran without a disclaimer,≤100
153786688607396,Ustaz Nurul Amin Hamid,Adnan Bin Yusof,≤100
450309788374603,Aminuddin Yahaya,Aminuddin Yahaya,≤100
104254692334112,Farhan Gopeng,Mohamed Tasryif Bin Omar,≤100
332038484056135,Hassanuddin Salim,Hassanuddin Salim,≤100
337799410032578,Zahir Hassan,Mundzir Bin Zahir,≤100
756866374513941,Gombak TV,Gombak TV,≤100
107382207626058,R.Yuneswaran,Yuneswaran A/L Ramaraj,≤100
262044791166,TV3 Malaysia,These ads ran without a disclaimer,≤100
100844041862257,Suhaimi Haji Nasir - Page,Suhaimi Haji Nasir - Page,≤100
1601785636742847,Muhammad Faiz Fadzil,Wan Abdul Rahim Bin Wan Ismail,≤100
112804560089619,GCapital,These ads ran without a disclaimer,≤100
103650461352854,Persepsi Tambun,Ewan Shazwan,≤100
268449016963314,Azizul Kama Abd Aziz,Azizul Kama Abd Aziz,≤100
159556865294,Nik Nazmi,Nik Nazmi,≤100
107630218193564,Aku Budak Muar,These ads ran without a disclaimer,≤100
112263175029588,BN Commss Puchong,Mohd Azlan Bin Ali,≤100
768435539896684,TVS,TVS,≤100
102357589367290,Sahabat Armishah DAS,Hairi Bin Salim,≤100
442096865966118,Agenda Massa,Suara.TV,≤100
220184671413873,Kementerian Pengajian Tinggi,KEMENTERIAN PENGAJIAN TINGGI,≤100
1635765436639544,Wan Rosdy bin Wan Ismail,These ads ran without a disclaimer,≤100
105478775690881,Support Deepak PRU15,Gwi Terk Chern,≤100
103117404929533,九鹿小說,These ads ran without a disclaimer,≤100
401340596873929,The True Net,Yoke Har Ng,≤100
101861016072221,Muhammad Danial Abdul Majeed,Ikatan Demokratik Malaysia (Malaysia United Democratic Alliance),≤100
637104136332122,The Malaysian Reserve,Media Mulia Sdn Bhd,≤100
1866881650069313,Minyak Masak Kijang Gold,These ads ran without a disclaimer,≤100
149208308580838,Fuziah Salleh,Keadilan Rakyat,≤100
144912392365553,Dato' Ahmad Yakob,Unit Komunikasi Menteri Besar,≤100
500765600118362,CITYPlus,CITYPlus,≤100
338227442759,Capital Dynamics,These ads ran without a disclaimer,≤100
281731535230769,Hemmersbach,These ads ran without a disclaimer,≤100
100601478794003,Bakri Jamaluddin,Bakri Jamaluddin,≤100
107504598815702,Dato Sri Chandra Balabedha,These ads ran without a disclaimer,≤100
68793499001,UNICEF,These ads ran without a disclaimer,≤100
103371005776975,Biru Pink,Biru Pink,≤100
101725349411316,Ahmad Azam Mohamad Salleh,AMANAH,≤100
760288557404325,Karambir Singh,Karambir Singh Honey,≤100
109281180558241,刘薏雯,刘薏雯,≤100
233238730629575,Na'im Brundage,Na'im Bin Brundage,≤100
324846571399982,Tan Sri M Ramasamy,Tan Sri M Ramasamy,≤100
1681552565464891,Perhubungan PAS KEDAH,Nor Fatin Najibah Ismail,≤100
1437067599747909,Shaiful Hazizy Zainol Abidin - Tok Pon,Suhaimi Bin Che Noor,≤100
266790296879,Bloomberg,These ads ran without a disclaimer,≤100
161707728106607,BayWa r.e. Global,These ads ran without a disclaimer,≤100
112303223886349,Saiful Anuar Mokhtar,Saiful Anuar Mokhtar,≤100
647036338824906,Tan Chee Hiong 陈志雄,Tan Chee Hiong 陈志雄,≤100
132895990116651,KPKT Malaysia,KPKT Malaysia,≤100
853602354798614,Haji Rahim Ismail,Haji Rahim Ismail,≤100
111856961739029,N.M.Rajah,Rajah Narasaim,≤100
104799555689134,Tan Lee Huat（陈利发）,Tan Lee Huat,≤100
457734577630461,Ustaz Ismi,Ustaz Ismi,≤100
190448591107687,Fairuz Jamaludin Ledang,Fairuz Edzuan Bin Jamaludin,≤100
1196196390526965,Facebook Surveys,These ads ran without a disclaimer,≤100
243677776430540,丹斯里 李金友 Tan Sri Lee Kim Yew,Golden Horse Digital Investment Bank,≤100
107201848430984,民兴党Warisan中文版,Cheng Kuan Keet,≤100
104488658370453,Wise Angel Training & Consultancy,These ads ran without a disclaimer,≤100
771368779728902,DR KARIM Bin Deraman,DR KARIM Bin Deraman,≤100
109487323962182,林万锋,林万锋,≤100
39535177758,Twilio,These ads ran without a disclaimer,≤100
101577616088943,Haji Fadli Che Me,Mahfuz Bin Roslan,≤100
106406507828702,PSB P198 Puncak Borneo,PSB P198 Puncak Borneo,≤100
104887431073257,Zainuddin Mohamed,Zainuddin Bin Mohamed,≤100
103837871982256,Flashlight,VIDARA SDN BHD,≤100
101561962774411,Shaun Young 杨茂琥 P114 Kepong,My Kepong,≤100
608747795895567,MCA IPOH TIMUR 马华怡保东区,MCA IPOH TIMUR 马华怡保东区,≤100
1443602379211313,Ai Success Advisory,These ads ran without a disclaimer,≤100
1585846288355825,Tan Chuan Hong 陈诠峰,Tan Chuan Hong 陈诠峰,≤100
1414785168758178,Asiapacific Balloons,Asiapacific Balloons,≤100
153786688607396,Ustaz Nurul Amin Hamid,Mohamad Iskandar Bin Padali,≤100
409139135945677,BN COMMS Puchong,BN COMMS Puchong,≤100
101528545384673,Muhammad Faiz,Muhammad Faiz,≤100
1543972179070202,Cemban,These ads ran without a disclaimer,≤100
441795545991256,療癒天使的愛情聖殿-女巫Yvette,These ads ran without a disclaimer,≤100
108713149189581,馬來西亞東方日報 Oriental Daily News Malaysia,馬來西亞東方日報 Oriental Daily News Malaysia,≤100
195895497280372,MRANTI,These ads ran without a disclaimer,≤100
107942835454136,P033 Besut Ustaz Abdul Aziz Haji Abas,These ads ran without a disclaimer,≤100
108692655344959,答特先生 Mr. Doctor,These ads ran without a disclaimer,≤100
108349127516561,Melaka Hari Ini,Melaka Hari Ini,≤100
2164630037156785,Adly Zahari,Parti Amanah Negara,≤100
970282392983160,Ashley Furniture HomeStore Malaysia,These ads ran without a disclaimer,≤100
450332874977897,PAS Selangor,Mohd Khairul Yusri Bin Mat Jusof,≤100
273327239440036,Bohji,These ads ran without a disclaimer,≤100
119250754753587,Wong Hon Wai 黄汉伟  Bukit Bendera,Wong Hon Wai,≤100
504995402890608,Sandrea Ng,Parti Keadilan Rakyat Gopeng,≤100
378528792166172,Dr. Afif Bahardin,These ads ran without a disclaimer,≤100
103028117867613,Mohd Fadzli Mohd Ramly Official,AMANAH,≤100
103453738140049,Asia Pacific Investment Bank,Asia Pacific Investment Bank,≤100
100705352859866,Dato’ Norzaman,These ads ran without a disclaimer,≤100
187383355103708,Perikatan Nasional Bukit Chandan,Perikatan Nasional Bukit Chandan,≤100
1661635780717012,Pas Kawasan Kota Raja,Atiqah Husna,≤100
104396348051418,DrNajihatussalehah Ahmad,DrNajihatussalehah Ahmad,≤100
1744716682510052,Ustaz Aire Roslan - UAR,Muhammad Zahir Bin Mat Yunos,≤100
258440468207144,Daniel Ling Sia Chin,Samuel Quek Leng Beng,≤100
1448737355355645,Amizar Bin Abu Adam,These ads ran without a disclaimer,≤100
413620172768098,Pejuang ALOR SETAR,Muhammad Aliff Bin Ramli,≤100
573076292726648,Mas Ermieyati Samsudin,Naabila Binti Mohd Sani,≤100
736399970046124,Saarani Mohamad,These ads ran without a disclaimer,≤100
713221472043013,Fahmi Bazlan,Farhana Aqilah Binti Aqiludeen,≤100
715251098495722,Faezuddin Puad,Muhammad Faezuddin Bin Mohd Puad,≤100
953582348055592,PH KUALA NERUS P.035,Ahmad Fahmi Bin Mohd Zainuddin,≤100
166738750044444,Sunway Group,These ads ran without a disclaimer,≤100
164492150267814,Dewan Muslimat PAS Melaka,These ads ran without a disclaimer,≤100
106902697515837,Bersatu Kota Marudu,Emran Maidin,≤100
102316375735825,Norliza Noh,Zaparudin Abdul Rahim,≤100
1013074452040065,Whoosh Eyewear,These ads ran without a disclaimer,≤100
70288410464,当今大马 (Malaysiakini Chinese Version),FG Media Sdn Bhd,≤100
155677885272,RFI 华语 - 法国国际广播电台,These ads ran without a disclaimer,≤100
151392065039297,Lim Ban Hong,Lim Ban Hong,≤100
2091629871062811,Syed Abdul Razak Alsagoff,Syed Abdul Razak Alsagoff,≤100
289963741156793,We Fully Support BN 我们全力支持国阵,We Fully Support BN 我们全力支持国阵,≤100
103591018467323,Mazlan Abd Rahman,Mazlan Abd Rahman,≤100
1423136211324341,南洋商报 Nanyang Siang Pau,These ads ran without a disclaimer,≤100
1744716682510052,Ustaz Aire Roslan - UAR,Rafi'uddin Bin Kamaruddin,≤100
100805671460411,No.00000,These ads ran without a disclaimer,≤100
100470582836876,YB Nolee Radzi,These ads ran without a disclaimer,≤100
157670238393249,"Community Development Center, Parsa",These ads ran without a disclaimer,≤100
330653250374602,Cisco Internet of Things,These ads ran without a disclaimer,≤100
718939814829233,ViralMeletop,Gwi Terk Chern,≤100
103370205276465,Lee Kah Hing,Lee Kah Hing,≤100
108576308728062,Dato Adnan Abu Hassan,Nazrul Iqkhwan Bin Najib,≤100
106276685613763,HAFIZ GU KITO,These ads ran without a disclaimer,≤100
134750209898122,Chang Lih Kang,Chang Lih Kang,≤100
117293821626536,Shell Motorsport,These ads ran without a disclaimer,≤100
104130059145995,Road-Tax.com,Road-Tax.com,≤100
105912668889307,Dr Kwan Wai Hoe 关伟浩建材博士,Dr Kwan Wai Hoe 关伟浩建材博士,≤100
2087762754839697,Emma Gellariea,These ads ran without a disclaimer,≤100
100908651275881,Media UBAS,Suhaimi Bin Che Noor,≤100
103992878358588,ScoutAsia by Nikkei and The Financial Times,These ads ran without a disclaimer,≤100
197799207237326,Pakatan Harapan,Parti Amanah Negara,≤100
109611277872855,Wong Siew Mun - 黄绍敏,Wong Siew Mun - 黄绍敏,≤100
1780965318893572,Melaka Kini,Melaka Kini,≤100
1808805976085930,Majlis Belia Orang Asal Sabah,Addy Bin Samsudin,≤100
106632615381542,四樓曾先生,These ads ran without a disclaimer,≤100
680773332004673,Kapten,Mohd Azri Bin Rahamat,≤100
754400848036095,Audi Koh Director Timsun Malaysia,These ads ran without a disclaimer,≤100
524923837546004,Simon Ooi Tze Min,Simon Ooi Tze Min,≤100
233930556693365,Khalifah Media Networks,Khalifah Media Networks,≤100
1899495053620228,Ajar Demokrasi,Ajar Demokrasi,≤100
1726648214218427,Ustaz Muhammad Fawwaz Mohamad Jan,Ustaz Muhammad Fawwaz Mohamad Jan,≤100
508187419354203,Asmuni Awi,Amanah,≤100
108383725867658,RYTHM Foundation,These ads ran without a disclaimer,≤100
1223203054501667,Lenggeng Sejahtera,These ads ran without a disclaimer,≤100
106989545444284,Herba Rahsia- Alam,These ads ran without a disclaimer,≤100
116052500265158,MileMsia,MileMsia,≤100
718352778222402,KEADILAN Pulau Pinang,Zainuddin Bin Mohamed,≤100
1513447625538070,Nicole Wong,MCA,≤100
49275915266,MSI Reproductive Choices,These ads ran without a disclaimer,≤100
108625789179165,Soi Dog Foundation,These ads ran without a disclaimer,≤100
113733490027706,Nicole Wong 王晓庭,MCA,≤100
102216792719219,FIFO Asia Online Game,These ads ran without a disclaimer,≤100
375796079616853,Ridhwan Ali,Mohd Ridhwan Bin Mohd Ali,≤100
100873322770491,Baiduri Sejati,Hanisah Binti Deraman,≤100
104141394931164,Kula Segaran P065,M.Kulasegaran A/l V.Murugeson,≤100
106823987391277,Tan Zhen Zune 陈政翀,Tan Zhen Zune,≤100
105740438923804,Awang Buhtamam Awang Mahmun,Awang Buhtamam Awang Mahmun,≤100
570175473079180,国际特赦组织中文 Amnesty International Chinese,These ads ran without a disclaimer,≤100
409515969801453,Wong Tze Shiang 黄子祥,Wong Tze Shiang 黄子祥,≤100
225398407471122,黄日昇,黄日昇,≤100
103627859199432,Penyengat,These ads ran without a disclaimer,≤100
282206442550479,Puteri Hang Tuah Jaya,Puteri Hang Tuah Jaya,≤100
126121114067217,Angkatan Belia Islam Malaysia / Muslim Youth Movement of Malaysia (ABIM),These ads ran without a disclaimer,≤100
1529563417302750,Pemuda UMNO Temerloh,Azril Rizal Yusof Bin Mohd Sarit,≤100
907406112657476,Andi Suryady,Andi Suryady,≤100
100455062885596,Benedict Asmat,Ezra Jukim,≤100
103262598708932,thefuturizts,These ads ran without a disclaimer,≤100
1042959342452838,Abang Halil Abang Naili,Parti Amanah Negara,≤100
101291341431976,Azril Sarit,Azril Rizal Yusof Bin Mohd Sarit,≤100
101439082646437,邱培栋,kotamelaka.com,≤100
100844041862257,Suhaimi Haji Nasir - Page,These ads ran without a disclaimer,≤100
160161941474874,Ko Chu Liang,These ads ran without a disclaimer,≤100
134075903883277,Prabagaran Vythilingam,Prabagaran A/L Vythilingam,≤100
108213478238644,AllSight Malaysia,AllSight Malaysia,≤100
107387124933948,MY Mediclo,These ads ran without a disclaimer,≤100
860925560757457,Julaihi Narawi,Sahrein,≤100
100877362850992,PRU15,These ads ran without a disclaimer,≤100
1002457159920583,Thiban Subbramaniam,Thiban A/L Subbramaniam,≤100
100776889434190,RembauKita,Nazrul Iqkhwan Bin Najib,≤100
106422858807839,LailaPali Empire Doorgift,These ads ran without a disclaimer,≤100
100671512835849,Jeffery Phang Siaw Foong 彭小菶,Jeffery Phang Siaw Foong,≤100
101750752515954,Roderick Wong Siew Lead 黄秀励,Roderick Wong Siew Lead,≤100
283717409247735,Moge Tee Kepong,These ads ran without a disclaimer,≤100
1653704224842348,Kelvin Hii 许勋扬,Kelvin Hii 许勋扬,≤100
111443160771462,Komik Sejarah Malaysia,These ads ran without a disclaimer,≤100
295387227299100,Mohd Helmy B. Abd Latif,Mohd Helmy Bin Abd.Latif,≤100
1396425660640528,Immunise4Life,These ads ran without a disclaimer,≤100
530866913702582,Ustaz Hasanuddin Mohd Yunus,Hasanuddin Bin Mohd Yunus,≤100
107991988473717,Jeffery Ngui 魏文枪,Jeffery Ngui Voon Chiang,≤100
144573915618230,UK in Malaysia - British High Commission Kuala Lumpur,UK in Malaysia - British High Commission Kuala Lumpur,≤100
103316855934209,PUTRA JELI,These ads ran without a disclaimer,≤100
1704863553123483,SinarBestari,Sinar Bestari,≤100
1007786915989464,Andansura Rabu,PAS DUN Beserah,≤100
103233771700797,Wong Chai Yi 黄彩仪,Parti Keadilan Rakyat Gopeng,≤100
112644946778360,祥瑞神料行,These ads ran without a disclaimer,≤100
354288067957683,李政贤,These ads ran without a disclaimer,≤100
288570577986480,Khairol Najib,Khairol Najib,≤100
50461955643,UNSW,These ads ran without a disclaimer,≤100
106285668321460,Wong Chia Zhen 黄佳祯,Wong Chia Zhen,≤100
265133725593,PemudaGombak.com,PemudaGombak.com,≤100
1388548264745259,LinkedIn Talent Solutions,These ads ran without a disclaimer,≤100
110562555184651,Dr Wan Ahmad Kamil,These ads ran without a disclaimer,≤100
106944491204801,傳鼓樓,These ads ran without a disclaimer,≤100
104084615851067,Phaang Jing Fatt 彭健發,Gerakan,≤100
218988758113244,Akademi Sains Malaysia,These ads ran without a disclaimer,≤100
560476550776958,Ask the Scientists - Health and Science Education,These ads ran without a disclaimer,≤100
1759883120999684,European Union in ASEAN,These ads ran without a disclaimer,≤100
165218133643643,Dr. Tan Yee Kew 陈仪乔博士,Parti Keadilan Rakyat,≤100
401340596873929,The True Net,The True Net,≤100
109567768566893,Dakwah Pedalaman,Portal Mudah,≤100
1713909665520714,香港大中華中小企業商會,These ads ran without a disclaimer,≤100
722733778124972,MGI Wellness,These ads ran without a disclaimer,≤100
2380035342233996,LAW CHUN YOONG Ahli Majlis Perbandaran Hulu Selangor,Chun Yoong Law,≤100
678811362163260,Ir. Ts. Khairil Nizam,Ir. Ts. Khairil Nizam,≤100
361499127743323,Frida Shop,VIDARA SDN BHD,≤100
104503677562115,YB Summugam Rengasamy,Kusyary Bin Che Rus,≤100
102986635920003,PH Tawau,Addy Bin Samsudin,≤100
108228345341325,DSSV,DSSV,≤100
108265462089330,Dato Dr Hj Mohd Johari,Tekie,≤100
1854296828127798,Parti Amanah Negara Parit Buntar,Parti Amanah Negara,≤100
548747648518235,WR Trader Academy,These ads ran without a disclaimer,≤100
1266101610085375,企业家媒体 The Entrepreneur,These ads ran without a disclaimer,≤100
686966964664476,Heart of Malaysian,These ads ran without a disclaimer,≤100
158714780827513,UNFPA,These ads ran without a disclaimer,≤100
109580085307494,Pengeluaran Duit Ajaib Halal,These ads ran without a disclaimer,≤100
112919758267665,Ashwagandha By Astraherbs Ksm-66,These ads ran without a disclaimer,≤100
374257406057165,Malaysia Makkal Sakti Party - MMSP,Malaysia Makkal Sakti Party - MMSP,≤100
320681921395601,Suraya Yaacob,Suhaimi Bin Che Noor,≤100
31373189944,Malaysiakini BM,These ads ran without a disclaimer,≤100
100925708389557,Ampang Jaya Deserves Better,Ariv Anaandha Chelvam,≤100
239071932793074,Dr. Muhaimin Sulam,Parti Amanah Negara,≤100
131189377574,MDPI,These ads ran without a disclaimer,≤100
471326676387226,DAP Melaka 马六甲民主行动党 ஜனநாயக செயல் கட்சி,DAP Malaysia,≤100
479984515703584,SIAH Fishery,These ads ran without a disclaimer,≤100
578782995489049,Wong May Ing,DAP PERAK,≤100
111201391217595,亚视新闻东南亚 ATV News SEA,These ads ran without a disclaimer,≤100
1629692917267428,Jiwa Bakti,Khairul Syafiq Drahman,≤100
2188199331510759,Oscar Sia Yu Hock 谢友福,Kuok Loong Soh,≤100
693604094104222,Cerita viral terkini,These ads ran without a disclaimer,≤100
221159141657466,Newswav,These ads ran without a disclaimer,≤100
271483482902778,BS Technology,These ads ran without a disclaimer,≤100
230654703667892,Oasis Live Mall,These ads ran without a disclaimer,≤100
469265806572391,Ustaz Nazri bin Ahmad,Khairul Izwan,≤100
103888585005894,Ahmad Haris  Bookstore,These ads ran without a disclaimer,≤100
103688845108977,maggiexu0113,These ads ran without a disclaimer,≤100
104384941736644,MIMPI BONDA HQ,These ads ran without a disclaimer,≤100
100834008881504,mooda.my,mooda.my,≤100
105998012325719,Dato’ Haji Umor Arbain Bin Haji Dollah,Umar Arbain,≤100
156706292344,ERA (Malaysia),These ads ran without a disclaimer,≤100
324704624607189,Dr. Fakhruldin Mohd Hashim,Parti Amanah Negara,≤100
114477580328465,PERIKATAN NASIONAL BERSATU GERIK,My District 76 Sdn Bhd,≤100
140262356142658,Howard Lee 李存孝,Howard Lee 李存孝,≤100
103918212407543,BANK 赢心为王 - 团队,These ads ran without a disclaimer,≤100
845030752174530,Ameerah Melaka,These ads ran without a disclaimer,≤100
304210287093594,Voon Lee Shan 温利山,Voon Lee Shan 温利山,≤100
1451101228315846,Iman Care,These ads ran without a disclaimer,≤100
616602958436773,Spencer Ooi,These ads ran without a disclaimer,≤100
102877578066277,R.S. Thanenthiran,R.S. Thanenthiran,≤100
1974341749547493,Noor Azleen Ambros,Madyasir Bin Ahmad Basir,≤100
105256685385882,Eskayvie by Shafizarina,Shafizarina Mohd Shah,≤100
103438025879907,BN Comms Tambun,BN Comms,≤100
102654551089987,Kong Cheng Ann 江承鴳 - Ivan,Kong Cheng Ann,≤100
110652309275071,李健聪,PARTI KEADILAN RAKYAT,≤100
181406015368527,新人民，新希望,新人民，新希望,≤100
182750565693116,Calon Pakatan Harapan dun  Pelangai N036,Calon Pakatan Harapan dun  Pelangai N036,≤100
192323984171757,Latest Malaysia News,Kazi Mahmood Fatagar,≤100
108501218684467,Feetworld,These ads ran without a disclaimer,≤100
103386089143601,Keadilan Petaling Jaya,Farhan Shah,≤100
102440319190624,局部美白专家-MediScrub Bar,These ads ran without a disclaimer,≤100
1463919307207061,BN COMMS Ledang,BN COMMS Ledang,≤100
100830909366944,Rawatan Enjin Berkesan,These ads ran without a disclaimer,≤100
103267978062153,Warisan P.172 Kota Kinabalu 民兴党亚庇区部,Warisan,≤100
1721351294762333,RIZKA,These ads ran without a disclaimer,≤100
712310215592506,郑立慷,Chang Lih Kang,≤100
1593554760858971,Dato' Asmawi,Dzul Iskandar Bin Muhamad Fauzi,≤100
103028117867613,Mohd Fadzli Mohd Ramly Official,Mohd Fadzli Bin Mohd Ramly,≤100
340011824765,Rodziah Ismail,Parti Keadilan Rakyat,≤100
1195920463877893,My Mame Shiba 豆柴の家,These ads ran without a disclaimer,≤100
1432309066980818,Harry的涂鸦笔记本,These ads ran without a disclaimer,≤100
106385625601607,Razak Ridzuan,AMANAH,≤100
846837278740835,Shatiri FanClub  - Kota Damansara,YB Shatiri Mansor,≤100
475722805830431,Reezal Merican Naina Merican,These ads ran without a disclaimer,≤100
142523182588387,Dato' Hj Abdul Halim Hussain,Abdul Halim Bin Hussain,≤100
101029228980035,AMR People Solutions Sdn. Bhd.,These ads ran without a disclaimer,≤100
579960068689550,Mohd Shukri Ramli,Mohd Shukri Ramli,≤100
302289583485368,Chua Wei Kiat,PARTI KEADILAN RAKYAT CABANG SELAYANG,≤100
101270319469570,Siti Aminah Aching - P.177 Beaufort,These ads ran without a disclaimer,≤100
104801675783784,Mazween Mokhtar,These ads ran without a disclaimer,≤100
110086760718982,Abqaree Fawwaz Bin Abekan,Namia Empire,≤100
1933995736914320,Quek Tai Seong 郭大雄,These ads ran without a disclaimer,≤100
107641145500972,ADS,These ads ran without a disclaimer,≤100
100666172864637,Datuk Wira Dr Ramli,AMANAH,≤100
504436556623535,June Leow,Parti Keadilan Rakyat,≤100
828142697256377,Allied Coordinating Council of Islamic NGOs - ACCIN,These ads ran without a disclaimer,≤100
363894187742828,P141 Parlimen Sekijang Official,Parti Keadilan Rakyat,≤100
157894104408949,Zahida Zarik Khan,Zaparudin Abdul Rahim,≤100
119548561413030,Mr. Paint Shop,These ads ran without a disclaimer,≤100
428782500998481,Cally Ting Zhao Song,Ting Zhao Song,≤100
458743847537771,Dr Azman Ismail Ahli Parlimen Kuala Kedah,Kusyary Bin Che Rus,≤100
268421883592980,Marisewa,These ads ran without a disclaimer,≤100
1806878996256128,Shatiri Mansor,Kusyary Bin Che Rus,≤100
100527411918996,花语轩富贵花Innocence Adenium,These ads ran without a disclaimer,≤100
360318124441619,Zamri Yusuf,Parti Keadilan Rakyat,≤100
148747191113,MASTIKA,Utusan Binders,≤100
1517088885216557,AIG,These ads ran without a disclaimer,≤100
1593554760858971,Dato' Asmawi,Dato' Asmawi,≤100
293098370815536,Mohd Rafiq Naizamohideen,Mohd Rafiq Bin Naizamohideen,≤100
114226407429407,Parti Keadilan Rakyat Cabang Pasir Gudang,These ads ran without a disclaimer,≤100
107037678885540,Nurul Ashikin,These ads ran without a disclaimer,≤100
105892948989013,Amanda Yeo Yan Yin 杨颜殷,Yeo Yan Yin,≤100
102277369368571,Haji Noor Azman,Azahari Bin Azemi,≤100
104857078926018,ClozetKita,These ads ran without a disclaimer,≤100
1899495053620228,Ajar Demokrasi,These ads ran without a disclaimer,≤100
107974832052376,马六甲时报,These ads ran without a disclaimer,≤100
127037124035476,Cyberport 數碼港,These ads ran without a disclaimer,≤100
105419740922540,Brandon Seah 謝文展 -Mcentury AVG 马来西亚 TOP 杰青領袖,These ads ran without a disclaimer,≤100
105050998902103,股票投资 筹码分析,These ads ran without a disclaimer,≤100
111185920236701,Principal Malaysia,These ads ran without a disclaimer,≤100
105510714351768,Razak Ridzuan Untuk Tasek Gelugor,Razak Ridzuan Untuk Tasek Gelugor,≤100
105092165629715,Vimigo老板加油站,These ads ran without a disclaimer,≤100
103620942418140,Nx1-PRO Treatment Enjin Padu,These ads ran without a disclaimer,≤100
101937529344169,Jejari LabuLabi,These ads ran without a disclaimer,≤100
160203857956575,Yayasan An Nabawi,These ads ran without a disclaimer,≤100
748135665373077,Karupaiya Mutusami,Kusyary Bin Che Rus,≤100
113818274080624,Malaysia Sentinel,Malaysia Sentinel,≤100
110188268014876,Simplot SEA,These ads ran without a disclaimer,≤100
109951580791165,Gavin Way 魏家颖,Gavin Way,≤100
104688308002388,陈昭宋 Cally Ting,Ting Zhao Song,≤100
100733671666661,苏伟杰 Daniel Sor,Waikit Sor,≤100
171872689830275,El Faruefi Hq,These ads ran without a disclaimer,≤100
38016124221,Sim Tze Tzin 沈志勤,Sim Tze Tzin,≤100
108176349204134,Cheryl Lee Xin Yi ( 李欣怡 ),These ads ran without a disclaimer,≤100
208371683037269,NBCU Catalyst,These ads ran without a disclaimer,≤100
8539814909,International Animal Rescue,These ads ran without a disclaimer,≤100
40949157713,JUICE Malaysia,JUICE Malaysia,≤100
1893380910908918,Kesavan Subramaniam,Parti Keadilan Rakyat,≤100
213938935311531,Bersih,BERSIH 2.0 OFFICIAL,≤100
112346154998937,Sahabat Rozi Mamat,Izham Bin Amiruddin,≤100
100618591674939,Raja Ahmad Iskandar Fareez,These ads ran without a disclaimer,≤100
433262130525766,Pemuda Amanah Parit Buntar,These ads ran without a disclaimer,≤100
103066549273692,𝐏𝐄𝐑𝐊𝐇𝐈𝐃𝐌𝐀𝐓𝐀𝐍 𝐖𝐀𝐍𝐆 𝐀𝐉𝐀𝐈𝐁,These ads ran without a disclaimer,≤100
332368703579842,Syed Ibrahim Syed Noh,Parti Keadilan Rakyat,≤100
232346716925403,Majalah Forex Malaysia,These ads ran without a disclaimer,≤100
2209033882473334,Sahabat Anwar Ibrahim,Siti Nur Izzati Binti Mohamad Nazary,≤100
101245952792192,Beauty With Vgene,These ads ran without a disclaimer,≤100
103377738853281,Berita Kesihatan Malaysia,These ads ran without a disclaimer,≤100
421512061626921,Cha Kee Chin 谢琪清,Wei Yen Wong,≤100
106404337616752,Formica ASEAN,These ads ran without a disclaimer,≤100
106811645425534,Media Matu Daro,Khairul Syafiq Drahman,≤100
122375574472796,Wong Chai Yi,Parti Keadilan Rakyat Cabang Gopeng,≤100
107227947573776,Dewan Pemuda Pas Kuala Kedah Official,These ads ran without a disclaimer,≤100
247167648818417,Gerakan Penang 檳州民政,Gerakan Penang 檳州民政,≤100
104770629104258,Parlimen Tambun P.063,Anna Ozaimudi,≤100
138680046148501,Mega Chess Academy,These ads ran without a disclaimer,≤100
100208706254218,Aminuddin Hanafiah,BN Comms,≤100
134750209898122,Chang Lih Kang,Parti Keadilan Rakyat,≤100
157945297558933,DAPSY Tanjong 丹绒区社青团 Pemuda Sosialis DAP Tanjong,Ethan Low,≤100
205423682862251,李偉康 Lee Wai Hong,Wai Hong Lee,≤100
102775121921554,Ir. Dr. Wayne Lee 李伟贤博士,Ir. Dr. Lee Wai Yin 李伟贤,≤100
107544104719529,FinGuider 美股資訊網,These ads ran without a disclaimer,≤100
206197753093706,AmazingTalker,These ads ran without a disclaimer,≤100
104105445805486,明輝稅稅平安,These ads ran without a disclaimer,≤100
112498918946884,Haniza Talha,Ali Firdaus Bin Othman,≤100
104189705841210,Amat Bin Yusof Official,Amat Bin Md Yusof,≤100
9181619833,CES,These ads ran without a disclaimer,≤100
1452232881531908,UNICEF East Asia & Pacific,These ads ran without a disclaimer,≤100
105554648936539,Dato' Dr. Janathan Kandok,These ads ran without a disclaimer,≤100
101630852251880,Biro Penerangan Dan Media Parti Warisan Sabah P.191 Kalabakan,Andi Mohd Suffian Bin Mohd Sainal,≤100
511561258941414,Bong Jenn Fonng 黄振峰,Bong Jenn Fonng,≤100
107701342146047,Yeop Zainol for Teluk Intan,Zainol Fadzi,≤100
524923837546004,Simon Ooi Tze Min,parti keadilan rakyat,≤100
100883838519088,IFruits Market,These ads ran without a disclaimer,≤100
977573685742975,Fully Fishery,These ads ran without a disclaimer,≤100
101681018531555,Imperial Gift Bird’s Nest 御燕玺礼燕窝,These ads ran without a disclaimer,≤100
281039479019103,Teh Kee Sin 郑己胜,These ads ran without a disclaimer,≤100
172523236104176,Panasonic,These ads ran without a disclaimer,≤100
104770629104258,Parlimen Tambun P.063,Muhammad Isyraf Bin Mohd Nor,≤100
1476468672577879,Maulizan Bujang,These ads ran without a disclaimer,≤100
103704245367814,陈利威,Tan Lee Ooi,≤100
310842332357980,Jom Sambung KPTM,These ads ran without a disclaimer,≤100
128497919916,Tony Pua,Democratic Action Party Malaysia,≤100
103421531471520,Zarraz homestay Cameron highland,These ads ran without a disclaimer,≤100
579921238692372,Maria Chin Abdullah,Maria Chin Abdullah,≤100
101258662801377,TokMin 4 P132 Port Dickson,Ahmad Nazib Bin Ismail,≤100
102254635197321,超跑联盟 Super Car League,These ads ran without a disclaimer,≤100
105132434950511,Freesiabox barangdapurumah,These ads ran without a disclaimer,≤100
7783116506,Animals Asia,These ads ran without a disclaimer,≤100
105343035665277,OFW CoachJenilyn,These ads ran without a disclaimer,≤100
107564031000716,Nor Azmi Mat Ludin,These ads ran without a disclaimer,≤100
251826234961316,Raja Kamarul Bahrin Shah,AMANAH,≤100
150371651783435,Yeo Bee Yin（杨美盈）,Yeo Bee Yin,≤100
102923599299969,Politik Positif,These ads ran without a disclaimer,≤100
125727931346248,Parlimen P207 Igan,Parlimen P207 Igan,≤100
1646496448900510,Thye Hin - Trading Sdn. Bhd. - Seremban,These ads ran without a disclaimer,≤100
100213641483919,Kly 国际潮流潮牌,These ads ran without a disclaimer,≤100
107403848866542,FIFO One Sport,These ads ran without a disclaimer,≤100
101692052738108,Alex Thien 邓靖强,Thien Ching Qiang,≤100
511561258941414,Bong Jenn Fonng 黄振峰,Jenn Fonng Bong,≤100
110903643687705,The Asian Woman,These ads ran without a disclaimer,≤100
103091001499691,Ideal Estate 4 U,Chee Keong Sum,≤100
112544443805284,怡保富贵（富宝）山庄 Nirvana Memorial Park Ipoh - APG -,These ads ran without a disclaimer,≤100
1440895676190309,Hiredly,These ads ran without a disclaimer,≤100
504244336417216,Ameerah Bangi,These ads ran without a disclaimer,≤100
165375866806647,Melaka Kini,Melaka Plus,≤100
586213275193710,UPKO Libaran,These ads ran without a disclaimer,≤100
225180164621461,Papasan Canteen,These ads ran without a disclaimer,≤100
379259398752052,Pinkgreenhouse,These ads ran without a disclaimer,≤100
310799822964018,Lim Hui Ying 林慧英,Lim Hui Ying 林慧英,≤100
1445512262126193,蕉赖十一哩华小校友会,These ads ran without a disclaimer,≤100
110835283984363,Bersatu CAW PERNU,These ads ran without a disclaimer,≤100
105424640803008,TRT World Forum,These ads ran without a disclaimer,≤100
113753460262489,Neumann Snooker,These ads ran without a disclaimer,≤100
106011132335743,Parlimen P167 Kudat,Portal Mudah,≤100
166640726804943,Multaqa Asatizah & Du'at (MURSHID),These ads ran without a disclaimer,≤100
107306491631700,GKtv Law,These ads ran without a disclaimer,≤100
176524702365183,Gan Ping Sieu 颜炳寿 （Official Page）,MCA KLUANG,≤100
350513215930588,羅思輝 Lo Su Fui,These ads ran without a disclaimer,≤100
112371283921365,Hanif Jamaluddin,Hanif Jamaluddin,≤100
105396005720390,Sahabat palestin,These ads ran without a disclaimer,≤100
742420792571349,Vase.ai,These ads ran without a disclaimer,≤100
109101454091335,Nur Naira Sofea,These ads ran without a disclaimer,≤100
423177137785998,Penang My Hometown 我来自槟城,These ads ran without a disclaimer,≤100
103191215887092,Sultanggmedia,These ads ran without a disclaimer,≤100
104014344768624,Xifu: Investing Together,These ads ran without a disclaimer,≤100
574303375968632,Pejabat Tenaga Kerja Bakun,These ads ran without a disclaimer,≤100
511491672301246,Eastspring Investments Berhad,These ads ran without a disclaimer,≤100
180730792704301,Agora Society Malaysia 群议社,Lim Chee Han,≤100
109978685252688,Clarence Ting Ing Horh - P212 Sibu,SUPP Sibu,≤100
101320764797476,Free From Agenda,Mohd Ikhmal Abu Bakar,≤100
102706129197113,Noor Najhan Mohamad Salleh,These ads ran without a disclaimer,≤100
103770358555957,Hj. Nazree Yunus,These ads ran without a disclaimer,≤100
1029939203742059,JCX Tech Enterprise,These ads ran without a disclaimer,≤100
188987354514778,PAS Pahang,Rafi'uddin Bin Kamaruddin,≤100
718352778222402,KEADILAN Pulau Pinang,Abdul Rahim Bin Abdul Rani,≤100
100266788686931,Restoran Kuan Kei Eateries,These ads ran without a disclaimer,≤100
100183259598512,99 SPEED,These ads ran without a disclaimer,≤100
129800943846676,BN PDM Seksyen 8 Shah Alam,These ads ran without a disclaimer,≤100
105132452364282,Aura Jelita Collection,These ads ran without a disclaimer,≤100
893966420668679,BEAMSTART,These ads ran without a disclaimer,≤100
658960187520112,Datin Paduka Che Asmah Ibrahim,These ads ran without a disclaimer,≤100
622292127886490,Sarawak My Hometown 我来自砂拉越,These ads ran without a disclaimer,≤100
113396828217799,hariharanrocky,These ads ran without a disclaimer,≤100
103099938307056,YM Tengku Amir,These ads ran without a disclaimer,≤100
100182561801787,Ranau P.U,These ads ran without a disclaimer,≤100
216566245066825,Musawah,These ads ran without a disclaimer,≤100
1524465961114642,马来西亚年度汉字 Malaysia Annual Selection of Chinese Characters,These ads ran without a disclaimer,≤100
1423737014545999,I'm Malaysian 我是马来西亚人,These ads ran without a disclaimer,≤100
111727864897630,D'Kayyla Palace Cameron Highlands,These ads ran without a disclaimer,≤100
541459579537440,Hizero Malaysia,These ads ran without a disclaimer,≤100
108752471400410,Vcorp Capital,These ads ran without a disclaimer,≤100
102509259287053,Hj Japar Awang,These ads ran without a disclaimer,≤100
109466073861092,People for Peat,These ads ran without a disclaimer,≤100
100711032853477,Farhan Shah Ridzuan,Farhan Shah,≤100
100490961908685,noriakikawana,These ads ran without a disclaimer,≤100
106256777922958,SEA Today News,These ads ran without a disclaimer,≤100
106457262288790,Zulkifli Fattah - Parti Rakyat Malaysia,Ramesh Sevalingam,≤100
111059577266139,Khwong Eleader007,These ads ran without a disclaimer,≤100
100198128017007,Ruddy Awah,Mohd Yusuf Ahmad Shukri,≤100
171533269548273,Perlis,Parti Amanah Negara Negeri Perlis,≤100
108602371685931,足球營SoccerCamp,These ads ran without a disclaimer,≤100
101835646077102,asean.youth.forum,These ads ran without a disclaimer,≤100
468286647043726,柔佛圈,J Media Enterprise,≤100
109468500920861,Eblogerr,These ads ran without a disclaimer,≤100
414346502371601,Parti Pribumi Bersatu Malaysia Ipoh Timur,Khairul Azmel Bin Mohammed,≤100
629531773739424,Jalaluddin Alias,These ads ran without a disclaimer,≤100
101367112234481,Chantelle's Secret,These ads ran without a disclaimer,≤100
107219307740424,Maz Steven 阿水,These ads ran without a disclaimer,≤100
108380465291758,Yong Teck Lee Official,Yong Teck Lee Official,≤100
104263289104340,Inisiatif Selangor,Inisiatif Selangor,≤100
158146174315602,Lion Alan Thoo,These ads ran without a disclaimer,≤100
107961445168754,Jamu Bundaa,These ads ran without a disclaimer,≤100
115255390173990,Nasi Kandar Ikram,These ads ran without a disclaimer,≤100
104152481604873,Caricarz - Dunia Kereta,These ads ran without a disclaimer,≤100
1427666570835392,Kobis Bunga Bakery,These ads ran without a disclaimer,≤100
111239113795372,Yuki Yap童装,These ads ran without a disclaimer,≤100
106411242896429,Oscar Ling 林财耀,These ads ran without a disclaimer,≤100
107382207626058,R.Yuneswaran,These ads ran without a disclaimer,≤100
108403275400021,Syaiful Izhan,These ads ran without a disclaimer,≤100
178027289283004,Lobak Merah,These ads ran without a disclaimer,≤100
104186555276619,Dato Salleh Saidin,These ads ran without a disclaimer,≤100
49074671363,Gaya Travel Magazine,These ads ran without a disclaimer,≤100
265345800469382,Hyundai Motor Group,These ads ran without a disclaimer,≤100
113515327496847,砂拉越网页设计,These ads ran without a disclaimer,≤100
110698338268396,KOREAZ_Honorary reporters,These ads ran without a disclaimer,≤100
1761339554151097,Malaya CUBE Clothing,These ads ran without a disclaimer,≤100
111197990560008,The Fruits King 水果王,These ads ran without a disclaimer,≤100
101820065644784,手牵守 l 聪明玩出潜能,These ads ran without a disclaimer,≤100
103849929002234,officialjrgfootballclub,These ads ran without a disclaimer,≤100
148340505237291,Jeming Hassan,These ads ran without a disclaimer,≤100
384794779026045,Keadilan Cabang Kepala Batas,CH Global Empire,≤100
179531808860625,Claytan,These ads ran without a disclaimer,≤100
101561479417084,BN COMMS Lenggong,BN COMMS Lenggong,≤100
109574047555184,AE zimmer Sdn Bhd,These ads ran without a disclaimer,≤100
302591269771184,周世扬 chew SEH yong,These ads ran without a disclaimer,≤100
748135665373077,Karupaiya Mutusami,Parti Keadilan Rakyat,≤100
258949817890692,Southeast Asian Network of Civil Society Organisations,These ads ran without a disclaimer,≤100
577404882422672,Prudence Foundation,These ads ran without a disclaimer,≤100
93889432933,CNA,These ads ran without a disclaimer,≤100
2572166726130246,Miracles in America with David E. Taylor,These ads ran without a disclaimer,≤100
565225540184937,CGTN,These ads ran without a disclaimer,≤100
133011330047790,黃婉曼icy wong yuen man,These ads ran without a disclaimer,≤100
964634883689768,HKBU UG Admissions,These ads ran without a disclaimer,≤100
255804437808407,Vale,These ads ran without a disclaimer,≤100
1429942950553593,Adipec Official,These ads ran without a disclaimer,≤100
1392018674345577,Perdana,These ads ran without a disclaimer,≤100
107632382163291,Water MDPI,These ads ran without a disclaimer,≤100
101969449146680,nxt888,These ads ran without a disclaimer,≤100
110113041724566,Nine days of life,These ads ran without a disclaimer,≤100
102202384790269,DiFluid,These ads ran without a disclaimer,≤100
1531570613776466,拾方視角,These ads ran without a disclaimer,≤100
111292048976247,SEATCA,These ads ran without a disclaimer,≤100
104728088531620,Glowing Beauty,These ads ran without a disclaimer,≤100
127844267330383,Gastech Exhibition & Conference,These ads ran without a disclaimer,≤100
145327659223282,Nature Index,These ads ran without a disclaimer,≤100
159040140803452,Seoul Convention Bureau,These ads ran without a disclaimer,≤100
109501631856985,Gencestyle,These ads ran without a disclaimer,≤100
458817690979235,SG FinTech Festival,These ads ran without a disclaimer,≤100
1415473095360659,Soul Hooked on Food ｜Tiffany L.,These ads ran without a disclaimer,≤100
75608370019,United States Institute of Peace,These ads ran without a disclaimer,≤100
102303134507801,Ocean Purpose Project,These ads ran without a disclaimer,≤100
1834313933459789,BBC StoryWorks,These ads ran without a disclaimer,≤100
653304151485828,Bloomberg Asia,These ads ran without a disclaimer,≤100
104173202230156,eTower,These ads ran without a disclaimer,≤100
230645183771966,EU SWITCH-Asia Programme,These ads ran without a disclaimer,≤100
105074565690912,felotin,These ads ran without a disclaimer,≤100
138756620064262,Fanack.com of the Middle East and North Africa,These ads ran without a disclaimer,≤100
19549406249,Tata Consultancy Services,These ads ran without a disclaimer,≤100
105357582347726,葡萄小說,These ads ran without a disclaimer,≤100
110544031660373,Enjoy Love Story,These ads ran without a disclaimer,≤100
312898778847834,TERRAM PACIS,These ads ran without a disclaimer,≤100
211444925538162,Socially Tuned,These ads ran without a disclaimer,≤100
107421908766723,Whale hash,These ads ran without a disclaimer,≤100
110281044899408,Xtinct,These ads ran without a disclaimer,≤100
174532709290967,FBS Markets Inc.,These ads ran without a disclaimer,≤100
104384327999356,Lazie Indie,These ads ran without a disclaimer,≤100
136176823413276,Eco-Business,These ads ran without a disclaimer,≤100
100658655666274,Impormasyon PH,These ads ran without a disclaimer,≤100
108509691973294,Nonton Film Gratis,These ads ran without a disclaimer,≤100
109582558535486,Revenue,These ads ran without a disclaimer,≤100
463704000312151,Videonewsharing,These ads ran without a disclaimer,≤100
116060374438772,Iidealism-ME,These ads ran without a disclaimer,≤100
106452411656233,DCFX Indonesia,These ads ran without a disclaimer,≤100
1461391244106103,Stock trends,These ads ran without a disclaimer,≤100
112790714941028,Wolf 小説夢,These ads ran without a disclaimer,≤100
216311481960,Bill Gates,These ads ran without a disclaimer,≤100
1744911689126391,12up,These ads ran without a disclaimer,≤100
11142310777,DuckDuckGo,These ads ran without a disclaimer,≤100
171132542929029,Alfa Laval,These ads ran without a disclaimer,≤100
503443566392334,Zurich,These ads ran without a disclaimer,≤100
103659765532260,華夏focus,These ads ran without a disclaimer,≤100
105101134933400,Finance World,These ads ran without a disclaimer,≤100
109866318001588,Turn it Around Flashcards for Education Futures,These ads ran without a disclaimer,≤100
512439245793683,GSK careers,These ads ran without a disclaimer,≤100
1837494459804638,勁揪,These ads ran without a disclaimer,≤100
105171192862790,UNRWA,These ads ran without a disclaimer,≤100
2064451320451155,GHIS,These ads ran without a disclaimer,≤100
607930365971961,SDLG,These ads ran without a disclaimer,≤100
109074175331142,MB88 0174,These ads ran without a disclaimer,≤100
598705943508458,ADB Publications,These ads ran without a disclaimer,≤100
1520153948249803,"Jiangsu, China",These ads ran without a disclaimer,≤100
844386315584131,Volvo Construction Equipment,These ads ran without a disclaimer,≤100
104191787946142,戀戀清庭:邂逅,These ads ran without a disclaimer,≤100
106125296095006,East-West Seed,These ads ran without a disclaimer,≤100
147232991936,The Nation Thailand,These ads ran without a disclaimer,≤100
316004665155000,SAP,These ads ran without a disclaimer,≤100
127187187348820,Kaspersky,These ads ran without a disclaimer,≤100
1559901027613381,TRT World,These ads ran without a disclaimer,≤100
204740833658478,Exness careers,These ads ran without a disclaimer,≤100
109256524011547,Friends of Palestine,These ads ran without a disclaimer,≤100
107895580778039,Money People,These ads ran without a disclaimer,≤100
124275457632741,ElectronicSpecifier,These ads ran without a disclaimer,≤100
109719177864571,看台海,These ads ran without a disclaimer,≤100
169084273164941,International marine coatings,These ads ran without a disclaimer,≤100
134278719946186,Bayer,These ads ran without a disclaimer,≤100
114421513654385,Technical Centre for Climate Change and Agricultural Development,These ads ran without a disclaimer,≤100
229584730414018,VenSai Enterprises Inc.,These ads ran without a disclaimer,≤100
125279958350,GIVE.asia,These ads ran without a disclaimer,≤100
102504499335336,Ricky & Taka,These ads ran without a disclaimer,≤100
481318695969211,Wild For Change,These ads ran without a disclaimer,≤100
112192393947217,Cleanup: Phone Storage Cleaner,These ads ran without a disclaimer,≤100
119324734165,YourLifeCom,These ads ran without a disclaimer,≤100
212428362170262,"NGO & Civil Society Center, Asian Development Bank ADB",These ads ran without a disclaimer,≤100
362460873844615,Alumni Politecnico di Milano,These ads ran without a disclaimer,≤100
100124386254777,4D Best Tips,These ads ran without a disclaimer,≤100
119405895873,Huawei,These ads ran without a disclaimer,≤100
101978933230493,DHL,These ads ran without a disclaimer,≤100
175755689129519,Tech in Asia,These ads ran without a disclaimer,≤100
216926965005999,HKTDC Exhibition Channel 香港貿發局展覽頻道,These ads ran without a disclaimer,≤100
947141812042694,EGYPS - Egypt Petroleum Show,These ads ran without a disclaimer,≤100
100949118277954,Unidos Por Leticia Amazonas,These ads ran without a disclaimer,≤100
1198498803640966,The East Gate,These ads ran without a disclaimer,≤100
108321608468301,anurag.m16,These ads ran without a disclaimer,≤100
285530825204,Klitschko,These ads ran without a disclaimer,≤100
266486943771657,講波體育台,These ads ran without a disclaimer,≤100
141680664741051,Aaaas,These ads ran without a disclaimer,≤100
108622511977624,Dzncux.com-zdaw1,These ads ran without a disclaimer,≤100
108628808645750,B Estate,These ads ran without a disclaimer,≤100
121350964566751,DHL Motorsports,These ads ran without a disclaimer,≤100
116311181765921,World Grain,These ads ran without a disclaimer,≤100
109668887852216,全民國家安全教育日,These ads ran without a disclaimer,≤100
101437699306247,Business Launch Blueprint,These ads ran without a disclaimer,≤100
464996406869911,Yanie Yanson,These ads ran without a disclaimer,≤100
104488215698110,Malaysia bast Tips,These ads ran without a disclaimer,≤100